<?xml version="1.0" encoding="UTF-8"?>

<!DOCTYPE hibernate-mapping PUBLIC
        "-//Hibernate/Hibernate Mapping DTD 3.0//EN"
        "http://hibernate.sourceforge.net/hibernate-mapping-3.0.dtd">
        
<hibernate-mapping>
   <class name="com.nk.beans.InsurancePolicy" table="INSURANCEPOLICY" lazy="true">
       <id name="policyId" column="POLICYID" ></id>
       <property name="policyName" column="POLICYNAME" />
       <property name="policyType" column="POLICYTYPE" />
       <property name="company"   column="COMPANY"   />
       <property name="tenure"   column="TENURE"   />
    </class>
</hibernate-mapping>