<?xml version="1.0" encoding="UTF-8"?>
<beans xmlns="http://www.springframework.org/schema/beans"
	xmlns:xsi="http://www.w3.org/2001/XMLSchema-instance"
	xsi:schemaLocation="http://www.springframework.org/schema/beans http://www.springframework.org/schema/beans/spring-beans.xsd">

<bean id="mrk" class="com.nk.comp.Marks">
      <!-- <constructor-arg value="90"/>
      <constructor-arg value="80"/>
      <constructor-arg value="70"/> -->
      
      <constructor-arg index="0" value="90"/>
      <constructor-arg index="2" value="80"/>
      <constructor-arg index="1" value="70"/>
</bean>

</beans>
