<?xml version="1.0" encoding="UTF-8"?>

<!DOCTYPE hibernate-configuration PUBLIC
"-//Hibernate/Hibernate Configuration DTD//EN"
"http://hibernate.sourceforge.net/hibernate-configuration-3.0.dtd">

<hibernate-configuration>
    <session-factory>       
       <!-- connection properties -->
       <!-- <property name="connection.driver_class">oracle.jdbc.driver.OracleDriver</property> -->
        <property name="connection.url">jdbc:oracle:thin:@localhost:1521:xe</property>
        <property name="connection.username">system</property>
        <property name="connection.password">manager</property>
        
        <!-- hibernate properties -->
        <property name="dialect">org.hibernate.dialect.Oracle10gDialect</property>
        <property name="show_sql">true</property>
        <property name="format_sql">true</property>
          
        <mapping resource="com/nk/beans/insurancePolicy.hbm.xml"/>
    </session-factory>
    
    
</hibernate-configuration>