<?xml version="1.0" encoding="UTF-8"?>
<beans xmlns="http://www.springframework.org/schema/beans"
	xmlns:xsi="http://www.w3.org/2001/XMLSchema-instance"
	xsi:schemaLocation="http://www.springframework.org/schema/beans http://www.springframework.org/schema/beans/spring-beans.xsd">

   <bean id="stud" class="com.nk.comp.Student">
   <!-- Constructor injection -->
        <!-- <constructor-arg name="sno" value="101"/>
         <constructor-arg name="sname" value="Nagma"/>
          <constructor-arg name="add" value="hyd"/>
           <constructor-arg name="avg" value="88.76"/> -->
           
     <!-- Setter Injection -->    
          <property name="sno" value="501" />  
          <property name="sname" value="Nigar" />  
          <property name="add" value="jsg" />  
          <property name="avg" value="98.22" />  
   </bean>

</beans>
