<?xml version="1.0" encoding="UTF-8"?>
<beans xmlns="http://www.springframework.org/schema/beans"
	xmlns:xsi="http://www.w3.org/2001/XMLSchema-instance"
	xsi:schemaLocation="http://www.springframework.org/schema/beans http://www.springframework.org/schema/beans/spring-beans.xsd">

<bean id="stud" class="com.nk.comp.Student">
      <!-- <constructor-arg value="100"/>
      <constructor-arg value="nagma"/>
      <constructor-arg value="hyd"/>
      <constructor-arg value="50000"/> -->
      
      <constructor-arg name="avg" value="50000"/>
      <constructor-arg name="sname" value="nagma"/>
      <constructor-arg  name="sno"  value="501"/>
      <constructor-arg name="sadd"  value="hyd"/>
</bean>

</beans>
