<site-config>

 <defaults>
  <default-template>/SiteTemplate.jsp</default-template>
  <default-view-parts>
    <part name="header" value="/SiteHeader.jsp"/>
    <part name="footer" value="/SiteFooter.html"/>
    <part name="menu" value="/MainMenu.html"/>
    <part name="adv" value="/images/MyAdv.gif"/>
  </default-view-parts>
 </defaults>
 <handlers>

  <!-- <handler path="/home" page="/SiteHome.html"/> -->
  <handler path="/home" page="/adminLoginView.hm"/>
  
  <handler path="/logOut" page="/Logout.jsp"/>

  <handler path="/adminLoginView">
  	<view-navigation-rules>
  		<view name="view">
  			<part name="body" value="/AdminLogin.jsp"/>
  		</view>
  	</view-navigation-rules>
  </handler>

  <handler path="/adminLogin" class="com.santosh.hospital.handlers.AdminLoginHandler" 
						 commandClass="com.santosh.hospital.model.AdminDetails"
						 scope="session"
						 commandName="userDetails">
   <view-navigation-rules>
    <view name="success" template="/SiteTemplate.jsp">
     <part name="menu" value="/AdminMenu.html"/>
     <part name="body" value="/AdminHome.jsp"/>
    </view>
    <view name="fail">
     <part name="body" value="/AdminLogin.jsp"/>
    </view>
   </view-navigation-rules>
  </handler>

  <handler path="/adminHome">
  	<view-navigation-rules>
  		<view name="view">
  			<part name="body" value="/AdminHome.jsp"/>
  			<part name="menu" value="/AdminMenu.html"/>
  		</view>
  	</view-navigation-rules>
  </handler>

  <handler path="/addAdminView">
  	<view-navigation-rules>
  		<view name="view">
  			<part name="body" value="/AddAdmin.jsp"/>
  			<part name="menu" value="/AdminMenu.html"/>
  		</view>
  	</view-navigation-rules>
  </handler>

  <handler path="/addAdmin" 
  			class="com.santosh.hospital.handlers.AddAdminHandler"
  			commandClass="com.santosh.hospital.model.AdminDetails"
  			commandName="adminDetails">
  	<view-navigation-rules>
  		<view name="success">
  			<part name="body" value="/AddAdminSuccess.jsp"></part>
  			<part name="menu" value="/AdminMenu.html"/>
  		</view>
  		<view name="fail">
  			<part name="body" value="/AddAdmin.jsp"/>
  			<part name="menu" value="/AdminMenu.html"/>
  		</view>
  	</view-navigation-rules>
  </handler>
  
  <handler path="/addPatientView">
  	<view-navigation-rules>
  		<view name="view">
  			<part name="body" value="/AddPatient.jsp"/>
  			<part name="menu" value="/AdminMenu.html"/>
  		</view>
  	</view-navigation-rules>
  </handler>

  <handler path="/addPatient" 
  			class="com.santosh.hospital.handlers.AddPatientHandler"
  			commandClass="com.santosh.hospital.model.PatientDetails"
  			commandName="patientDetails">
  	<view-navigation-rules>
  		<view name="success">
  			<part name="body" value="/AddPatientSuccess.jsp"></part>
  			<part name="menu" value="/AdminMenu.html"/>
  		</view>
  		<view name="fail">
  			<part name="body" value="/AddPatient.jsp"/>
  			<part name="menu" value="/AdminMenu.html"/>
  		</view>
  	</view-navigation-rules>
  </handler>

  <handler path="/removePatientView">
  	<view-navigation-rules>
  		<view name="view">
  			<part name="body" value="/RemovePatient.jsp"/>
  			<part name="menu" value="/AdminMenu.html"/>
  		</view>
  	</view-navigation-rules>
  </handler>

  <handler path="/removePatient" 
  			class="com.santosh.hospital.handlers.RemovePatientHandler">
  	<view-navigation-rules>
  		<view name="success">
  			<part name="body" value="/RemovePatientSuccess.jsp"></part>
  			<part name="menu" value="/AdminMenu.html"/>
  		</view>
  		<view name="com.santosh.hospital.dao.DAOException">
  			<part name="body" value="/RemovePatientException.jsp"/>
  			<part name="menu" value="/AdminMenu.html"/>
  		</view>
  		<view name="fail">
  			<part name="body" value="/RemovePatient.jsp"/>
  			<part name="menu" value="/AdminMenu.html"/>
  		</view>
  	</view-navigation-rules>
  </handler>

  <handler path="/searchPatientView">
  	<view-navigation-rules>
  		<view name="view">
  			<part name="body" value="/SearchPatient.jsp"/>
  			<part name="menu" value="/AdminMenu.html"/>
  		</view>
  	</view-navigation-rules>
  </handler>
  
  <handler path="/searchPatient"
  			class="com.santosh.hospital.handlers.SearchPatientHandler">
  	<view-navigation-rules>
  		<view name="singleRecord">
  			<part name="body" value="/ViewPatientDetails.jsp"/>
  			<part name="menu" value="/AdminMenu.html"/>
  		</view>
  		<view name="multipleRecords">
  			<part name="body" value="/ViewMultiplePatientDetails.jsp"/>
  			<part name="menu" value="/AdminMenu.html"/>
  		</view>
  	</view-navigation-rules>
  </handler>

 <!-- doctor config -->
 
   <handler path="/addDoctorView">
  	<view-navigation-rules>
  		<view name="view">
  			<part name="body" value="/AddDoctor.jsp"/>
  			<part name="menu" value="/AdminMenu.html"/>
  		</view>
  	</view-navigation-rules>
  </handler>

  <handler path="/addDoctor" 
  			class="com.santosh.hospital.handlers.AddDoctorHandler"
  			commandClass="com.santosh.hospital.model.DoctorDetails"
  			commandName="doctorDetails">
  	<view-navigation-rules>
  		<view name="success">
  			<part name="body" value="/AddDoctorSuccess.jsp"></part>
  			<part name="menu" value="/AdminMenu.html"/>
  		</view>
  		<view name="fail">
  			<part name="body" value="/AddDoctor.jsp"/>
  			<part name="menu" value="/AdminMenu.html"/>
  		</view>
  	</view-navigation-rules>
  </handler>

  <handler path="/removeDoctorView">
  	<view-navigation-rules>
  		<view name="view">
  			<part name="body" value="/RemoveDoctor.jsp"/>
  			<part name="menu" value="/AdminMenu.html"/>
  		</view>
  	</view-navigation-rules>
  </handler>

  <handler path="/removeDoctor" 
  			class="com.santosh.hospital.handlers.RemoveDoctorHandler">
  	<view-navigation-rules>
  		<view name="success">
  			<part name="body" value="/RemoveDoctorSuccess.jsp"></part>
  			<part name="menu" value="/AdminMenu.html"/>
  		</view>
  		<view name="com.santosh.hospital.dao.DAOException">
  			<part name="body" value="/RemoveDoctorException.jsp"/>
  			<part name="menu" value="/AdminMenu.html"/>
  		</view>
  		<view name="fail">
  			<part name="body" value="/RemoveDoctor.jsp"/>
  			<part name="menu" value="/AdminMenu.html"/>
  		</view>
  	</view-navigation-rules>
  </handler>

  <handler path="/searchDoctorView">
  	<view-navigation-rules>
  		<view name="view">
  			<part name="body" value="/SearchDoctor.jsp"/>
  			<part name="menu" value="/AdminMenu.html"/>
  		</view>
  	</view-navigation-rules>
  </handler>
  
  <handler path="/searchDoctor"
  			class="com.santosh.hospital.handlers.SearchDoctorHandler">
  	<view-navigation-rules>
  		<view name="singleRecord">
  			<part name="body" value="/ViewDoctorDetails.jsp"/>
  			<part name="menu" value="/AdminMenu.html"/>
  		</view>
  		<view name="multipleRecords">
  			<part name="body" value="/ViewMultipleDoctorDetails.jsp"/>
  			<part name="menu" value="/AdminMenu.html"/>
  		</view>
  	</view-navigation-rules>
  </handler>
  
  <handler path="/addMedicationView">
  	<view-navigation-rules>
  		<view name="view">
  			<part name="body" value="/AddMedication.jsp"/>
  			<part name="menu" value="/AdminMenu.html"/>
  		</view>
  	</view-navigation-rules>
  </handler>

  <handler path="/addMedication" 
  			class="com.santosh.hospital.handlers.AddMedicationHandler"
  			commandClass="com.santosh.hospital.model.MedicationDetails"
  			commandName="medicationDetails">
  	<view-navigation-rules>
  		<view name="success">
  			<part name="body" value="/AddMedicationSuccess.jsp"/>
  			<part name="menu" value="/AdminMenu.html"/>
  		</view>
  		<view name="fail">
  			<part name="body" value="/AddMedication.jsp"/>
  			<part name="menu" value="/AdminMenu.html"/>
  		</view>
  	</view-navigation-rules>
  </handler>  
  
    <handler path="/removeMedicationView">
  	<view-navigation-rules>
  		<view name="view">
  			<part name="body" value="/RemoveMedication.jsp"/>
  			<part name="menu" value="/AdminMenu.html"/>
  		</view>
  	</view-navigation-rules>
  </handler>

  <handler path="/removeMedication" 
  			class="com.santosh.hospital.handlers.RemoveMedicationHandler">
  	<view-navigation-rules>
  		<view name="success">
  			<part name="body" value="/RemoveMedicationSuccess.jsp"></part>
  			<part name="menu" value="/AdminMenu.html"/>
  		</view>
  		<view name="com.santosh.hospital.dao.DAOException">
  			<part name="body" value="/RemoveMedicationException.jsp"/>
  			<part name="menu" value="/AdminMenu.html"/>
  		</view>
  		<view name="fail">
  			<part name="body" value="/RemoveMedication.jsp"/>
  			<part name="menu" value="/AdminMenu.html"/>
  		</view>
  	</view-navigation-rules>
  </handler>

  <handler path="/searchMedicationView">
  	<view-navigation-rules>
  		<view name="view">
  			<part name="body" value="/SearchMedication.jsp"/>
  			<part name="menu" value="/AdminMenu.html"/>
  		</view>
  	</view-navigation-rules>
  </handler>
  
  <handler path="/searchMedication"
  			class="com.santosh.hospital.handlers.SearchMedicationHandler">
  	<view-navigation-rules>
  		<view name="singleRecord">
  			<part name="body" value="/ViewMedicationDetails.jsp"/>
  			<part name="menu" value="/AdminMenu.html"/>
  		</view>
  		<view name="multipleRecords">
  			<part name="body" value="/ViewMultipleMedicationDetails.jsp"/>
  			<part name="menu" value="/AdminMenu.html"/>
  		</view>
  	</view-navigation-rules>
  </handler>
  
 </handlers>
</site-config>
