<?xml version="1.0" encoding="UTF-8"?>
<beans xmlns="http://www.springframework.org/schema/beans"
	xmlns:xsi="http://www.w3.org/2001/XMLSchema-instance"
	xsi:schemaLocation="http://www.springframework.org/schema/beans http://www.springframework.org/schema/beans/spring-beans.xsd">

	<bean id="sysDate" class="java.util.Date" />
	<bean id="dobDate" class="java.util.Date">
		<property name="year" value="93" />
		<property name="month" value="10" />
		<property name="date" value="08" />
	</bean>

	<!-- array injection -->
	<bean id="mi" class="com.nt.beans.MarksInfo">
		<property name="marks">
			<array>
				<value>10</value>
				<value>20</value>
				<value>30</value>
				<value>40</value>
			</array>
		</property>

		<property name="dates">
			<array>
				<ref bean="sysDate" />
				<ref bean="dobDate" />
			</array>

		</property>
	</bean>

<!-- Collection Injection -->
	<bean id="clg" class="com.nt.beans.College">
		<property name="studentName">
			<list>
				<value>nagma</value>
				<value>saurabh</value>
				<value>shraddha</value>
				<value>nagma</value>
			</list>
			
		</property>
		<property name="dates">
			<list>
				<ref bean="sysDate" />
				<ref bean="dobDate" />
			</list>

		</property>

	</bean>
	
	<!-- Set Injection -->
	<bean id="cInfo" class="com.nt.beans.ContactsInfo">
	   <constructor-arg   name="contactNumber">
	           <set value-type="java.lang.Long">
	                  <value>9999999999</value>
	                  <value>8888888888</value>
	                  <value>7777777777</value>
	                  <value>6666666666</value>
	                  <value>6666666666</value>
	                  
	           </set>
	   </constructor-arg>
	   <constructor-arg    name="dates">
	           <set value-type="java.util.Date">
	                  <ref  bean="sysDate"/>
	                  <ref  bean="dobDate"/>
	                   <ref  bean="sysDate"/>
	           </set>
	   </constructor-arg>
	</bean>
	
	<!-- Map Injection -->
	     <bean id="uInfo" class="com.nt.beans.UniversityInfo">
	           <property name="facultyInfo">
	                  <map key-type="java.lang.Integer"  value-type="java.lang.String">
	                           <entry>
	                                    <key ><value>10001</value> </key>
	                                    <value>Suresh</value>
	                           </entry>
	                           
	                           <entry   key="10002" value="naresh"></entry>
	                           <entry   key="10003" value="bhavesh"></entry>
	                           <entry   key="10004" value="jignesh"></entry>
	                  </map>
	           </property>
	           
	            <property name="dates">
	                  <map key-type="java.lang.String"  value-type="java.util.Date">
	                           <entry>
	                                    <key ><value>Today's Date</value> </key>
	                                    <ref bean="sysDate"/>
	                           </entry>
	                           
	                           <entry   key="dob" value-ref="dobDate"></entry>
	                  </map>
	           </property>
	           
	            <property name="fruitsName">
	                  <props value-type="java.lang.String">
	                        <prop key="Strawberry"  >Red    </prop>
	                        <prop key="Orange"  >Orange   </prop>
	                        <prop key="Banana"  >Yellow  </prop>
	                        <prop key="Apple"  >Green </prop>
	                        <prop key="pomegranate"  >red </prop>
	                        
	                  </props>
	            </property>
	            
	     </bean>

</beans>
