<?xml version="1.0" encoding="UTF-8"?>
<beans xmlns="http://www.springframework.org/schema/beans"
	xmlns:xsi="http://www.w3.org/2001/XMLSchema-instance"
	xsi:schemaLocation="http://www.springframework.org/schema/beans http://www.springframework.org/schema/beans/spring-beans.xsd">
<!-- Nagma Info -->
<bean id="dob" class="java.util.Date">
      <property name="year" value="93"/>
      <property name="month" value="8"/>
      <property name="date" value="8"/>
</bean>

<bean id="dom" class="java.util.Date">
      <property name="year" value="121"/>
      <property name="month" value="1"/>
      <property name="date" value="14"/>
</bean>

<bean id="doj" class="java.util.Date">
      <property name="year" value="120"/>
      <property name="month" value="10"/>
      <property name="date" value="15"/>
</bean>

<!-- saurabh Info -->
<bean id="dob1" class="java.util.Date">
      <property name="year" value="91"/>
      <property name="month" value="10"/>
      <property name="date" value="8"/>
</bean>

<bean id="dom1" class="java.util.Date">
      <property name="year" value="121"/>
      <property name="month" value="2"/>
      <property name="date" value="15"/>
</bean>

<bean id="doj1" class="java.util.Date">
      <property name="year" value="121"/>
      <property name="month" value="9"/>
      <property name="date" value="13"/>
</bean>


<bean id="nagmaInfo" class="com.nt.beans.PersonInfo">
     <constructor-arg  value="12356478"/>
     <constructor-arg value="Nagma"/>
     <constructor-arg value="jsg"/>
     <!-- <constructor-arg ref="dob"/> -->
     <constructor-arg><null/></constructor-arg>     <!-- Null injection -->
    <!--  <constructor-arg ref="dom"/> -->
    <constructor-arg><null/></constructor-arg>     <!-- Null injection -->
     <constructor-arg ref="doj"/>
     
</bean>

<bean id="saurabhInfo" class="com.nt.beans.PersonInfo">
     <constructor-arg  value="85632274"/>
     <constructor-arg value="saurabh"/>
     <constructor-arg value="banda"/>
     <constructor-arg ref="dob1"/>
     <constructor-arg ref="dom1"/>
     <constructor-arg ref="doj1"/>
     
</bean>


</beans>
