<?xml version="1.0" encoding="UTF-8"?>

<!DOCTYPE hibernate-mapping PUBLIC
        "-//Hibernate/Hibernate Mapping DTD 3.0//EN"
        "http://hibernate.sourceforge.net/hibernate-mapping-3.0.dtd">
        
<hibernate-mapping>
   <class name="com.nk.beans.Membership" table="SUPERMARKET_MEMBERSHIP" dynamic-update="true" dynamic-insert="true">
       <id name="mid" column="MID" >
         <!--  <generator class="increment" /> -->
       </id>
       <property name="name" column="NAME" />
       <property name="addrs" column="ADDRS" />
       <property name="rewardPoint" column="REWARDPOINT" />
    </class>
</hibernate-mapping>