<?xml version="1.0" encoding="UTF-8"?>

<!DOCTYPE hibernate-mapping PUBLIC
        "-//Hibernate/Hibernate Mapping DTD 3.0//EN"
        "http://hibernate.sourceforge.net/hibernate-mapping-3.0.dtd">
        
<hibernate-mapping>
   <class name="com.nk.beans.Product" table="PRODUCT" >
       <id name="pid" column="PID" type="int" length="5" >
            <generator class="increment" />
       </id>
       <property name="pname" column="PNAME"  type="string" length="20" />
       <!-- <property name="price" column="PRICE"  type="float" length="20" scale="5" precision="2" /> -->
       <property name="qty"   column="QTY" type="float" length="10" scale="2" precision="2" />
       <!-- <property name="type" column="TYPE" type="string" length="15"/> -->
    </class>
</hibernate-mapping>