<?xml version="1.0" encoding="UTF-8"?>

<!DOCTYPE hibernate-mapping PUBLIC
        "-//Hibernate/Hibernate Mapping DTD 3.0//EN"
        "http://hibernate.sourceforge.net/hibernate-mapping-3.0.dtd">
        
<hibernate-mapping>
   <class name="com.nk.beans.Product" table="PRODUCT" dynamic-insert="true">
       <id name="pid" column="PID" >
           <!-- <generator class="increment" /> -->
       </id>
       <property name="pname" column="PNAME" />
       <property name="price" column="PRICE" />
       <property name="qty"   column="QTY"   />
    </class>
</hibernate-mapping>