<?xml version="1.0" encoding="UTF-8"?>

<beans xmlns="http://www.springframework.org/schema/beans"
    xmlns:xsi="http://www.w3.org/2001/XMLSchema-instance"
    xsi:schemaLocation="http://www.springframework.org/schema/beans
        https://www.springframework.org/schema/beans/spring-beans.xsd">
        
        <!-- dependent class  for Constructor Injection-->
        <bean id="dt"  class="java.util.Date"/>
           
           <!-- dependent class  for Setter Injection -->
           <bean id="dt1"  class="java.util.Date">
	              <property name="year"  value="93"/>
	               <property name="month"  value="08"/>
	                <property name="date"  value="08"/>
              </bean>
        
        <!-- target class having Constructor injection -->
        <bean id="wmg" class="com.nk.beans.WishMessageGenerator">
            <constructor-arg  name="date" ref="dt" />
            <property name="date"  ref="dt1" />
        </bean>
        
 </beans>