<?xml version="1.0" encoding="UTF-8"?>
<beans xmlns="http://www.springframework.org/schema/beans"
	xmlns:xsi="http://www.w3.org/2001/XMLSchema-instance"
	xsi:schemaLocation="http://www.springframework.org/schema/beans http://www.springframework.org/schema/beans/spring-beans.xsd">

<bean id="emp" class="com.nk.comp.Employee">
      <!-- <constructor-arg value="100"/>
      <constructor-arg value="nagma"/>
      <constructor-arg value="hyd"/>
      <constructor-arg value="50000"/> -->
      
      <constructor-arg type="float" value="50000"/>
      <constructor-arg type="String" value="nagma"/>
      <constructor-arg  type="int"  value="501"/>
      <constructor-arg type="String"  value="hyd"/>
</bean>

</beans>
