<?xml version="1.0" encoding="UTF-8"?>
<beans xmlns="http://www.springframework.org/schema/beans"
	xmlns:xsi="http://www.w3.org/2001/XMLSchema-instance"
	xsi:schemaLocation="http://www.springframework.org/schema/beans http://www.springframework.org/schema/beans/spring-beans.xsd">

<!-- cnfg Dependent classes object -->
<bean  id="dtdc" class="com.nk.comp.DTDCCourier"/>
<bean id="bDart" class="com.nk.comp.BlueDartCourier"/>
<bean id="fFlight" class="com.nk.comp.FirstFlightCourier"/>

<!-- cnfg Target class object -->
<bean id="fpkt" class="com.nk.comp.Flipkart2">
    
    <!-- setter injection::this configuration is for Flipkart.java class  -->
     <!--  <property name="courier" ref="dtdc"/> -->
     
     <!-- this configuration is for Flipkart.java class -->
     <!-- <constructor-arg name="courier" ref="dtdc"/> -->
     
     <!--Constructor injection:: this configuration is for Flipkart2.java class for enabling  2 courier service-->
     <constructor-arg name="courier1" ref="dtdc"/>
      <constructor-arg name="courier2" ref="bDart"/>
 </bean>

</beans>
