<?xml version="1.0" encoding="UTF-8"?>
<beans xmlns="http://www.springframework.org/schema/beans"
	xmlns:xsi="http://www.w3.org/2001/XMLSchema-instance"
	xsi:schemaLocation="http://www.springframework.org/schema/beans https://www.springframework.org/schema/beans/spring-beans-4.3.xsd">


<bean id="baseBike" class="com.nt.beans.Bike" abstract="true">
    <property name="company" value="RoyalEnfield"/>
    <property name="color" value="Black"/>
    <property name="owner" value="Nagma"/>
    <property name="type" value="CruiserBike"/>
    <property name="fuelType" value="Petrol"/>
    <property name="mileage" value="40km/hr"/>

</bean>

<bean id="nagmaBike" class="com.nt.beans.Bike"  parent="baseBike">
     <property name="model" value="classic"/>
    <property name="engineCC" value="500"/>
    <property name="engineNo" value="FQH12342"/>
    <property name="regdNo" value="OR235678"/>
</bean>

<bean id="saurabhBike" class="com.nt.beans.Bike"  parent="baseBike">
     <property name="model" value="standard"/>
    <property name="engineCC" value="350"/>
    <property name="engineNo" value="FQH56898"/>
    <property name="regdNo" value="OR238575"/>
</bean>

<bean id="jishanBike" class="com.nt.beans.Bike"  parent="baseBike">
     <property name="model" value="Interceptor"/>
    <property name="engineCC" value="650"/>
    <property name="engineNo" value="ADT12342"/>
    <property name="regdNo" value="TN635678"/>
</bean>

</beans>
