<?xml version="1.0" encoding="UTF-8"?>
<beans xmlns="http://www.springframework.org/schema/beans"
	xmlns:xsi="http://www.w3.org/2001/XMLSchema-instance"
	xsi:schemaLocation="http://www.springframework.org/schema/beans http://www.springframework.org/schema/beans/spring-beans.xsd">

   <!-- Configiure DataSource -->
   <bean id="orclDrds"  class="org.springframework.jdbc.datasource.DriverManagerDataSource">
       <property name="driverClassName"  value="oracle.jdbc.driver.OracleDriver"/>
       <property name="url" value="jdbc:oracle:thin:@localhost:1521:xe"/>
       <property name="username" value="system"/>
       <property name="password" value="manager"/>
   </bean>
   
    <bean id="mysqlDrds"  class="org.springframework.jdbc.datasource.DriverManagerDataSource">
       <property name="driverClassName"  value="com.mysql.cj.jdbc.Driver"/>
       <property name="url" value="jdbc:mysql:///springdb"/>
       <property name="username" value="root"/>
       <property name="password" value="root"/>
       
        <property name="connectionProperties">    <!--  java.util.properties-->
                 <props>
                         <prop key="user">root</prop>
                         <prop key="password">root</prop>
                 </props>
       </property>
   </bean>
   
   <!-- cfg DAO class -->
   <bean id="orclCustDAO"  class="com.nt.dao.OracleCustomerDAOImpl">
       <constructor-arg   ref="orclDrds"/>
   </bean>
   
    <bean id="mysqlCustDAO"  class="com.nt.dao.MysqlCustomerDAOImpl">
       <constructor-arg   ref="mysqlDrds"/>
   </bean>
   
   <!-- cfg service class -->
   <bean id="custService"  class="com.nt.service.CustomerMgmtServiceImpl">
       <constructor-arg ref="mysqlCustDAO"/>
   </bean>
   
   <!-- cfg Controller class -->
   <bean id="controller"  class="com.nt.controller.MainController">
      <constructor-arg ref="custService"/>
   </bean>

</beans>
