<?xml version="1.0" encoding="UTF-8"?>
<beans xmlns="http://www.springframework.org/schema/beans"
	xmlns:xsi="http://www.w3.org/2001/XMLSchema-instance"
	xsi:schemaLocation="http://www.springframework.org/schema/beans https://www.springframework.org/schema/beans/spring-beans-4.3.xsd">


	<bean id="baseBike" class="com.nt.beans.Bike" abstract="true">
		<constructor-arg name="company" value="RoyalEnfield" />
		<constructor-arg name="color" value="Black" />
		<constructor-arg name="owner" value="Nagma" />
		<constructor-arg name="type" value="CruiserBike" />
		<constructor-arg name="fuelType" value="Petrol" />
		<constructor-arg name="mileage" value="40km/hr" />
	</bean>

	<bean id="nagmaBike" class="com.nt.beans.Bike" parent="baseBike">
		<constructor-arg name="model" value="classic" />
		<constructor-arg name="engineCC" value="500" />
		<constructor-arg name="engineNo" value="FQH12342" />
	<!-- 	<constructor-arg name="regdNo" value="OR235678" /> -->
	<constructor-arg><null/></constructor-arg>
	</bean>

	<bean id="saurabhBike" class="com.nt.beans.Bike" parent="baseBike">
		<constructor-arg name="model" value="standard" />
		<constructor-arg name="engineCC" value="350" />
		<constructor-arg name="engineNo" value="FQH56898" />
		<constructor-arg name="regdNo" value="OR238575" />
	</bean>

	<bean id="jishanBike" class="com.nt.beans.Bike" parent="baseBike">
		<constructor-arg name="model" value="Interceptor" />
		<constructor-arg name="engineCC" value="650" />
		<constructor-arg name="engineNo" value="ADT12342" />
		<constructor-arg name="regdNo" value="TN635678" />
	</bean>

</beans>
